2021-06-01T14:06:00Z,CBSE Class 12 board exams cancelled; PM Modi says decision in interest of students - Times of India,CBSE Class 12 board exams cancelled PM Modi says decision interest students Times India,100
2021-06-01T14:04:14Z,Solar Eclipse 2021: Date And All About The First Surya Grahan Of The Year - NDTV,Solar Eclipse 2021 Date And All About The First Surya Grahan Of The Year NDTV,100
2021-06-01T13:39:00Z,"ITC Q4 consolidated net profit falls 3%, declares final dividend of Rs 5.75 - Business Standard",ITC Q4 consolidated net profit falls 3 declares final dividend Rs 5 75 Business Standard,100
2021-06-01T13:04:44Z,Janhvi Kapoor recalls mom Sridevi told her to 'never depend on anyone' - Hindustan Times,Janhvi Kapoor recalls mom Sridevi told 'never depend anyone' Hindustan Times,100
2021-06-01T12:59:49Z,"Nisha Rawal accuses Karan Mehra of having an affair, 'constant abuse over the years' - Hindustan Times",Nisha Rawal accuses Karan Mehra affair 'constant abuse years' Hindustan Times,100
2021-06-01T12:51:49Z,COVID-19 Vaccines and Therapeutic Development - Technology Networks,COVID 19 Vaccines Therapeutic Development Technology Networks,100
2021-06-01T12:07:14Z,"Vaccination, Covid boost natural immunity against SARS-CoV-2: Study - India TV News",Vaccination Covid boost natural immunity SARS CoV 2 Study India TV News,100
2021-06-01T12:01:08Z,"Mamata Banerjee threatened to boycott PM Narendra Modi over Suvendu Adhikari, says Bengal Governor Jagdeep... - Zee News",Mamata Banerjee threatened boycott PM Narendra Modi Suvendu Adhikari says Bengal Governor Jagdeep Zee News,100
2021-06-01T11:37:10Z,"PF Withdrawal Rule Change: Your EPF Claims Will be Settled in 3 Days, How to App - News18",PF Withdrawal Rule Change Your EPF Claims Will Settled 3 Days How App News18,100
2021-06-01T11:24:37Z,"No Single-Shot Covishield Or Mixing Vaccines Just Yet, Says Government - NDTV",No Single Shot Covishield Or Mixing Vaccines Just Yet Says Government NDTV,100
