2021-06-05T02:12:28Z,SpaceX plans to launch another SiriusXM satellite on Sunday - Space Bollyinside - BollyInside,SpaceX plans launch another SiriusXM satellite Sunday Space Bollyinside BollyInside,100
2021-06-05T01:45:14Z,"9 pvt hospitals corner 50% doses, raise questions of vaccine equity and access - The Indian Express",9 pvt hospitals corner 50 doses raise questions vaccine equity access The Indian Express,100
2021-06-05T01:10:00Z,Covid-linked disease set to rise in children as second wave wanes - The New Indian Express,Covid linked disease set rise children second wave wanes The New Indian Express,100
2021-06-04T23:39:32Z,Here's why the PS5 restock at Sony Direct hasn't happened – when it will return - TechRadar,Here's PS5 restock Sony Direct hasn't happened return TechRadar,100
2021-06-04T23:23:00Z,"Delhi high court dismisses Juhi Chawla's lawsuit against 5G, slaps 20 lakh fine - Times of India",Delhi high court dismisses Juhi Chawla's lawsuit 5G slaps 20 lakh fine Times India,100
2021-06-04T23:21:32Z,"Writing to Queen, will urge her to intervene so he is sent home to Antigua: Choksi’s wife - The Indian Express",Writing Queen urge intervene sent home Antigua Choksis wife The Indian Express,100
2021-06-04T22:06:00Z,"Under fire, Punjab stops sale of Centre-allocated vaccines - Times of India",Under fire Punjab stops sale Centre allocated vaccines Times India,100
2021-06-04T21:30:13Z,Prior infection cuts COVID-19 infection risk for up to 10 months: Lancet study - Daily Excelsior,Prior infection cuts COVID 19 infection risk 10 months Lancet study Daily Excelsior,100
2021-06-04T21:10:00Z,Maharashtra government announces unlock plan - Times of India,Maharashtra government announces unlock plan Times India,100
2021-06-04T20:59:36Z,Science News Roundup: NASA's Venus missions to probe divergent fate of Earth's hothouse sister planet; 'Reef stars' promote new growth in Bali's dying coral ecosystem and more - Devdiscourse,Science News Roundup NASA's Venus missions probe divergent fate Earth's hothouse sister planet 'Reef stars' promote new growth Bali's dying coral ecosystem Devdiscourse,100
2021-06-04T19:48:25Z,Covid: AIIMS scan on infections after receiving vaccines - Telegraph India,Covid AIIMS scan infections receiving vaccines Telegraph India,100
2021-06-04T19:13:18Z,"Samantha Akkineni: I want Raji’s story to be a reminder for us to fight hate, oppression and greed - The Indian Express",Samantha Akkineni I want Rajis story reminder us fight hate oppression greed The Indian Express,100
2021-06-04T17:57:00Z,"Banned by Facebook For 2 Years, Trump Calls it an Insult to 75 Million People - News18",Banned Facebook For 2 Years Trump Calls Insult 75 Million People News18,100
2021-06-04T17:56:48Z,"'TecHalli': Anand Mahindra, Nandan Nilekani have a new name for 'Silicon Valley' Bengaluru - Mint",'TecHalli' Anand Mahindra Nandan Nilekani new name 'Silicon Valley' Bengaluru Mint,100
2021-06-04T17:47:00Z,"PM Reviews Covid Vaccination Drive, Says Wastage Numbers Still High - NDTV",PM Reviews Covid Vaccination Drive Says Wastage Numbers Still High NDTV,100
2021-06-04T17:27:00Z,"Flying Sikh Milkha Singh better, but wife's health plummets - The Tribune",Flying Sikh Milkha Singh better wife's health plummets The Tribune,100
2021-06-04T17:13:24Z,"Science, Solar Arrays Launch on NASA’s SpaceX Cargo Mission - India Education Diary",Science Solar Arrays Launch NASAs SpaceX Cargo Mission India Education Diary,100
2021-06-04T16:20:20Z,Delta variant led to most post-vaccine infections in Delhi - The Hindu,Delta variant led post vaccine infections Delhi The Hindu,100
2021-06-04T16:02:41Z,Bangladeshis hold demonstrations in Dhaka to mark Tiananmen massacre anniversary - Hindustan Times,Bangladeshis hold demonstrations Dhaka mark Tiananmen massacre anniversary Hindustan Times,100
2021-06-04T15:33:01Z,"2022 iPad Pro to bring wireless charging, redesigned iPad mini coming in 2021 - GSMArena.com news - GSMArena.com",2022 iPad Pro bring wireless charging redesigned iPad mini coming 2021 GSMArena com news GSMArena com,100
2021-06-04T15:25:23Z,No Decision Yet On Indemnity To Foreign Or Indian Covid Vaccine Makers: Centre - NDTV,No Decision Yet On Indemnity To Foreign Or Indian Covid Vaccine Makers Centre NDTV,100
2021-06-04T15:19:42Z,"Karnataka orders probe into pool, gym built at residence of Mysuru DC - The Indian Express",Karnataka orders probe pool gym built residence Mysuru DC The Indian Express,100
2021-06-04T15:13:07Z,DCGI grants Serum Institute permission to manufacture Sputnik V Covid vaccine in India - India Today,DCGI grants Serum Institute permission manufacture Sputnik V Covid vaccine India India Today,100
2021-06-04T15:03:00Z,"SARS-CoV-2 evades neutralizing antibodies and rapidly spreads by cell fusion, finds study - News-Medical.Net",SARS CoV 2 evades neutralizing antibodies rapidly spreads cell fusion finds study News Medical Net,100
2021-06-04T14:40:51Z,"‘Uyghur Tribunal’ opens with testimony of alleged rape, torture - Al Jazeera English",Uyghur Tribunal opens testimony alleged rape torture Al Jazeera English,100
2021-06-04T14:35:25Z,"'Hard to look past him among recent greats': Brett Lee picks Virat Kohli as world's best batsman, Pat Cummins as bowler - Hindustan Times",'Hard look past among recent greats' Brett Lee picks Virat Kohli world's best batsman Pat Cummins bowler Hindustan Times,100
2021-06-04T12:40:42Z,"Yami Gautam ties knot with Uri filmmaker Aditya Dhar, surprises fans with first pic! - Zee News",Yami Gautam ties knot Uri filmmaker Aditya Dhar surprises fans first pic Zee News,100
2021-06-04T11:08:00Z,"Twitter Faceoff: Wuhan lab leak, Trump's vindication and Dr Fauci's leaked emails spark debate - Times of India",Twitter Faceoff Wuhan lab leak Trump's vindication Dr Fauci's leaked emails spark debate Times India,100
2021-06-04T10:59:00Z,"RBIs Rs 16,000-Cr Gift to MSMEs; Loans of Up to Rs 50 Cr Can Be Restructured - News18",RBIs Rs 16000 Cr Gift MSMEs Loans Up Rs 50 Cr Can Be Restructured News18,100
2021-06-04T10:48:37Z,"Akansha Ranjan drops angry emojis on Alia Bhatt's beach pics, fans worry for the BFFs - Hindustan Times",Akansha Ranjan drops angry emojis Alia Bhatt's beach pics fans worry BFFs Hindustan Times,100
2021-06-04T10:24:00Z,Visas of foreigners stranded in India due to Covid valid till August 31: Government - Times of India,Visas foreigners stranded India due Covid valid till August 31 Government Times India,100
2021-06-04T10:19:23Z,5 best tips to increase headshot percentage in PUBG Mobile Lite - Sportskeeda,5 best tips increase headshot percentage PUBG Mobile Lite Sportskeeda,100
2021-06-04T09:03:00Z,"Big news for salaried class and pensioners, know about RBI`s announcement on 24x7 NACH availability - Zee News",Big news salaried class pensioners know RBIs announcement 24x7 NACH availability Zee News,100
2021-06-04T06:53:13Z,"Realme to Launch 5G Smartphones Under Rs 10,000 in 2022, Madhav Sheth Confirms - MySmartPrice",Realme Launch 5G Smartphones Under Rs 10000 2022 Madhav Sheth Confirms MySmartPrice,100
2021-06-04T06:46:00Z,"Olympic-bound wrestler Sumit Malik fails dope test, provisionally suspended - Times of India",Olympic bound wrestler Sumit Malik fails dope test provisionally suspended Times India,100
2021-06-04T06:32:02Z,"Solar Eclipse 2021 date, time: How to watch ‘Ring of Fire’, where all it will be visible - The Indian Express",Solar Eclipse 2021 date time How watch Ring Fire visible The Indian Express,100
2021-06-04T03:56:00Z,India's contribution to global scientific knowledge helping in Covid-19 prevention: Fauci - Times of India,India's contribution global scientific knowledge helping Covid 19 prevention Fauci Times India,100
2021-06-03T22:04:17Z,French Open tennis - Highlights: Rafael Nadal overpowers Richard Gasquet to progress on his birthday - Eurosport COM,French Open tennis Highlights Rafael Nadal overpowers Richard Gasquet progress birthday Eurosport COM,100
