2021-06-02T12:26:24Z,"COVID-19 Impact May Increase In Children If Virus Changes Behaviour, Preparations On To Deal With It: Government - Swachh India NDTV",COVID 19 Impact May Increase In Children If Virus Changes Behaviour Preparations On To Deal With It Government Swachh India NDTV,100
2021-06-02T11:41:51Z,"First solar eclipse of the year 2021: Know the date, time, and other details - Firstpost",First solar eclipse year 2021 Know date time details Firstpost,100
2021-06-02T11:36:32Z,"Kareena Kapoor's \"New Normal\" - More Like The New Fabulous. Bonus - A Glimpse Of Her House - NDTV",Kareena Kapoor's New Normal More Like The New Fabulous Bonus A Glimpse Of Her House NDTV,100
2021-06-02T11:29:16Z,'Hoax': Mamata Banerjee on ICMR chief's 'Covid-19 doses to all by December' remark - Hindustan Times,'Hoax' Mamata Banerjee ICMR chief's 'Covid 19 doses December' remark Hindustan Times,100
2021-06-02T11:16:58Z,"Virat Kohli, Ravi Shastri Presser highlights: 'There was no pressure previously, nor there is now,' Kohli on WTC final - Hindustan Times",Virat Kohli Ravi Shastri Presser highlights 'There pressure previously now' Kohli WTC final Hindustan Times,100
2021-06-02T11:05:32Z,Can't Be Silent Spectators: 5 Points From Supreme Court Order On Vaccines - NDTV,Can't Be Silent Spectators 5 Points From Supreme Court Order On Vaccines NDTV,100
2021-06-02T10:59:56Z,"Taking Stock | Sensex, Nifty end flat amid volatility, small & midcaps outperform - Moneycontrol.com",Taking Stock Sensex Nifty end flat amid volatility small midcaps outperform Moneycontrol com,100
2021-06-02T10:59:28Z,"WWDC 2021: Livestream Link Goes Live, Sign-Ups for Digital Lounges Now Open - Gadgets 360",WWDC 2021 Livestream Link Goes Live Sign Ups Digital Lounges Now Open Gadgets 360,100
2021-06-02T10:39:26Z,Coronavirus: Can vaccinated people still spread COVID-19? Explained - Times of India,Coronavirus Can vaccinated people still spread COVID 19 Explained Times India,100
2021-06-02T10:31:30Z,"OnePlus Nord CE 5G is slimmer than original Nord, and comes with a headphone jack - 91mobiles",OnePlus Nord CE 5G slimmer original Nord comes headphone jack 91mobiles,100
