2021-05-26T14:01:28Z,Unreal Engine 5 Early Access Build Now Available for Game Developers - Gadgets 360,Unreal Engine 5 Early Access Build Now Available Game Developers Gadgets 360,100
2021-05-26T13:51:13Z,Lunar Eclipse 2021 Updates: NASA Moon Video Shows Path Of Total Eclipse - NDTV,Lunar Eclipse 2021 Updates NASA Moon Video Shows Path Of Total Eclipse NDTV,100
2021-05-26T13:15:03Z,"Amazon to buy MGM, studio behind James Bond and ‘Shark Tank’, for $8.45 billion - Moneycontrol",Amazon buy MGM studio behind James Bond Shark Tank 8 45 billion Moneycontrol,100
2021-05-26T13:11:00Z,WATCH: Mika Singh stops by to meet Rakhi Sawant at a coffee shop; latter says ‘Ab hum dost hai’ - Times of India,WATCH Mika Singh stops meet Rakhi Sawant coffee shop latter says Ab hum dost hai Times India,100
2021-05-26T13:00:12Z,5 Tips to Take Command of Your iPhone - The New York Times,5 Tips Take Command Your iPhone The New York Times,100
2021-05-26T12:49:21Z,"Govt respects right to privacy, no intention of violating: MeitY calling WhatsApp lawsuit ‘act of defiance’ - The Indian Express",Govt respects right privacy intention violating MeitY calling WhatsApp lawsuit act defiance The Indian Express,100
2021-05-26T12:22:00Z,'Clear-cut case of sedition': IMA writes to PM Modi over Ramdev's claim on death of doctors due to Covid- - Times of India,'Clear cut case sedition' IMA writes PM Modi Ramdev's claim death doctors due Covid Times India,100
2021-05-26T12:19:58Z,SpaceX: Satellite operator calls for a halt to Starlink launches pending an environmental review - Daily Mail,SpaceX Satellite operator calls halt Starlink launches pending environmental review Daily Mail,100
2021-05-26T12:03:00Z,Watch: Manchester United Fans Attacked In Gdansk Ahead Of Europa League Final - NDTV Sports,Watch Manchester United Fans Attacked In Gdansk Ahead Of Europa League Final NDTV Sports,100
2021-05-26T11:49:17Z,"After The Bell: Sensex above 51,000, what should investors do on Thursday? - Moneycontrol.com",After The Bell Sensex 51000 investors Thursday Moneycontrol com,100
2021-05-26T14:01:28Z,Unreal Engine 5 Early Access Build Now Available for Game Developers - Gadgets 360,Unreal Engine 5 Early Access Build Now Available Game Developers Gadgets 360,100
2021-05-26T13:51:13Z,Lunar Eclipse 2021 Updates: NASA Moon Video Shows Path Of Total Eclipse - NDTV,Lunar Eclipse 2021 Updates NASA Moon Video Shows Path Of Total Eclipse NDTV,100
2021-05-26T13:15:03Z,"Amazon to buy MGM, studio behind James Bond and ‘Shark Tank’, for $8.45 billion - Moneycontrol",Amazon buy MGM studio behind James Bond Shark Tank 8 45 billion Moneycontrol,100
2021-05-26T13:11:00Z,WATCH: Mika Singh stops by to meet Rakhi Sawant at a coffee shop; latter says ‘Ab hum dost hai’ - Times of India,WATCH Mika Singh stops meet Rakhi Sawant coffee shop latter says Ab hum dost hai Times India,100
2021-05-26T13:00:12Z,5 Tips to Take Command of Your iPhone - The New York Times,5 Tips Take Command Your iPhone The New York Times,100
2021-05-26T12:49:21Z,"Govt respects right to privacy, no intention of violating: MeitY calling WhatsApp lawsuit ‘act of defiance’ - The Indian Express",Govt respects right privacy intention violating MeitY calling WhatsApp lawsuit act defiance The Indian Express,100
2021-05-26T12:22:00Z,'Clear-cut case of sedition': IMA writes to PM Modi over Ramdev's claim on death of doctors due to Covid- - Times of India,'Clear cut case sedition' IMA writes PM Modi Ramdev's claim death doctors due Covid Times India,100
2021-05-26T12:19:58Z,SpaceX: Satellite operator calls for a halt to Starlink launches pending an environmental review - Daily Mail,SpaceX Satellite operator calls halt Starlink launches pending environmental review Daily Mail,100
2021-05-26T12:03:00Z,Watch: Manchester United Fans Attacked In Gdansk Ahead Of Europa League Final - NDTV Sports,Watch Manchester United Fans Attacked In Gdansk Ahead Of Europa League Final NDTV Sports,100
2021-05-26T11:49:17Z,"After The Bell: Sensex above 51,000, what should investors do on Thursday? - Moneycontrol.com",After The Bell Sensex 51000 investors Thursday Moneycontrol com,100
